"","P389_Q801A","P389_Q801B","P389_Q801C","P389_Q801D","P389_Q801E","P389_Q801F","P389_Q801G","P389_Q801H","P389_Q802A","P389_Q802B","P389_Q802C","P389_Q802D","P389_Q802E","P389_Q802F","P389_Q802G","P389_Q802H","P389_Q803A","P389_Q803B","P389_Q803C","P389_Q803D","P389_Q803E","P389_Q803F","P389_Q803G","P389_Q803H","P389_Q804A","P389_Q804B","P389_Q804C","P389_Q804D","P389_Q804E","P389_Q804F","P389_Q804G","P389_Q804H","P389_Q805A","P389_Q805B","P389_Q805C","P389_Q805D","P389_Q805E","P389_Q805F","P389_Q805G","P389_Q805H","P389_Q806A","P389_Q806B","P389_Q806C","P389_Q806D","P389_Q806E","P389_Q806F","P389_Q806G","P389_Q806H","P389_Q807A","P389_Q807B","P389_Q807C","P389_Q807D","P389_Q807E","P389_Q807F","P389_Q807G","P389_Q807H","P389_Q808A","P389_Q808B","P389_Q808C","P389_Q808D","P389_Q808E","P389_Q808F","P389_Q808G","P389_Q808H","P389_Q809A","P389_Q809B","P389_Q809C","P389_Q809D","P389_Q809E","P389_Q809F","P389_Q809G","P389_Q809H","P389_Q810A","P389_Q810B","P389_Q810C","P389_Q810D","P389_Q810E","P389_Q810F","P389_Q810G","P389_Q810H","P389_Q811A","P389_Q811B","P389_Q811C","P389_Q811D","P389_Q811E","P389_Q811F","P389_Q811G","P389_Q811H","P389_Q812A","P389_Q812B","P389_Q812C","P389_Q812D","P389_Q812E","P389_Q812F","P389_Q812G","P389_Q812H"
"ERCC-00002",233,12230,7007,6109,8227,13192,14495,33,11190,11193,8247,6531,6238,14942,11909,7246,13638,9982,7465,5142,7224,12411,9755,9923,13546,12260,7708,5432,5748,10582,9560,12119,11186,6718,7174,5220,8675,11454,15845,10833,13015,9120,4629,5569,7868,9308,9705,6612,11201,14645,5796,4429,8296,8684,9955,10005,15979,11691,7325,6948,5182,14620,9839,10237,9578,11157,7483,5692,9370,10823,9275,9889,13085,12045,6273,6676,7768,14145,13686,10818,13882,10407,6100,5001,7594,13428,11619,11969,15389,14905,6127,6633,6767,10636,10410,9629
"ERCC-00003",11,549,608,219,392,1559,759,0,865,28,575,243,564,768,311,774,441,191,103,225,395,468,456,317,801,230,353,160,130,1746,1163,813,1287,271,316,860,362,1180,710,405,526,1043,301,369,375,666,462,1,672,532,322,480,459,240,418,932,20,704,224,603,735,1187,555,677,646,346,1023,589,363,488,492,236,542,305,461,109,503,224,279,624,1737,1081,496,424,102,843,899,881,345,429,624,751,676,702,236,807
"ERCC-00004",66,5217,3208,1816,2939,5080,6500,8,4583,3664,2643,2484,4191,7100,5481,3866,4279,4739,3728,2705,4020,5172,4352,4080,4502,4292,3395,2188,2641,5221,5140,5279,3596,4085,2781,3068,2833,5577,4857,3728,5003,4516,2050,2804,2598,5370,5449,1969,3523,5260,2732,2217,2249,5246,4827,3584,5349,4347,2640,3065,3141,5682,5659,4805,3224,4237,3408,2970,3131,3431,6080,4625,3636,4452,2757,2501,3032,5377,3709,5405,3136,3338,3648,2424,2824,3963,5480,4730,7003,5366,3436,2374,2408,4223,4966,3298
"ERCC-00009",5,1039,279,484,448,555,2,1,250,1,0,475,1,764,353,472,589,328,273,299,324,815,1005,526,358,361,202,377,333,668,382,1602,744,286,189,410,647,463,508,244,355,889,78,17,79,0,888,164,718,1358,7,221,702,644,735,178,12,625,213,411,306,591,383,174,338,727,491,492,341,0,162,214,371,1152,120,419,334,1052,497,225,989,431,288,247,188,687,723,269,519,1307,719,411,194,96,289,300
"ERCC-00012",0,0,0,0,0,0,1,0,0,0,0,0,1,0,0,0,0,0,11,0,0,0,0,0,0,0,0,0,0,0,0,0,0,0,0,0,0,0,0,0,0,0,0,0,0,1,0,0,0,0,0,0,0,0,0,0,0,0,0,0,0,0,0,0,0,0,0,0,0,0,0,0,0,0,0,0,0,0,0,0,0,0,0,0,0,0,0,0,0,0,0,0,0,0,0,0
"ERCC-00013",0,0,0,0,0,0,0,0,0,0,0,0,0,0,0,0,0,0,0,0,0,0,0,0,0,0,1,0,0,0,0,0,0,0,0,0,0,0,0,0,0,0,0,0,0,0,0,0,0,0,0,0,0,0,0,0,0,0,0,0,0,0,0,0,0,0,0,0,0,0,0,0,0,0,0,0,0,0,0,0,0,0,0,0,0,0,0,0,0,0,0,0,0,0,0,0
"ERCC-00014",0,0,0,0,0,0,0,0,0,0,0,0,0,0,0,0,0,0,0,0,0,0,0,0,0,0,0,0,0,0,0,0,0,0,0,0,0,0,0,0,0,0,0,0,0,0,0,0,0,0,0,0,0,0,0,0,0,0,0,0,0,0,0,0,0,0,0,0,0,0,0,0,0,0,0,0,0,0,0,0,0,0,0,0,0,0,0,0,0,0,0,0,0,0,0,0
"ERCC-00016",0,0,0,0,0,0,0,0,0,0,0,0,0,0,0,0,0,0,0,0,0,0,0,0,0,0,0,0,0,0,0,0,0,0,0,0,0,0,0,0,0,0,0,0,0,0,0,0,0,0,0,0,0,0,0,0,0,0,0,0,0,0,0,0,0,0,0,0,0,0,0,0,0,0,0,0,0,0,0,0,0,0,0,0,0,0,0,0,0,0,0,0,0,0,0,0
"ERCC-00017",0,0,0,0,0,0,0,0,0,0,0,0,0,0,0,0,0,0,0,0,0,0,0,0,0,0,0,0,0,0,0,0,0,0,0,0,0,0,0,0,0,0,0,0,0,0,0,0,0,0,0,0,0,0,0,0,0,0,0,0,0,0,0,0,0,0,0,0,0,0,0,0,0,0,0,0,0,0,0,0,0,0,0,0,0,0,0,0,0,0,0,0,0,0,0,0
"ERCC-00019",0,0,0,0,0,0,1,0,0,0,0,50,0,0,1,0,0,0,101,0,0,0,0,0,0,0,68,0,96,0,1,0,0,0,1,0,0,115,0,192,0,1,0,13,0,0,0,0,0,0,0,0,103,0,1,132,0,0,0,0,0,0,4,0,0,0,41,0,0,0,0,1,0,0,84,105,0,0,0,0,0,0,0,0,86,0,0,0,0,0,23,1,0,0,0,171
"ERCC-00022",0,361,208,17,22,173,1,0,4,213,2,222,1,166,0,0,211,346,0,57,0,181,210,39,690,1,81,1,62,2,163,290,0,252,0,0,174,332,0,168,0,222,2,0,39,200,0,112,5,0,1,3,60,0,112,0,5,195,0,0,185,397,154,29,0,235,7,10,0,183,0,1,0,0,243,207,86,237,0,0,3,2,195,56,0,312,0,424,0,0,106,0,0,63,234,140
"ERCC-00024",0,0,0,0,0,0,0,0,0,0,0,0,0,0,0,0,0,0,0,0,0,0,0,0,0,0,0,0,0,0,0,0,0,2,0,0,0,0,0,0,0,0,0,0,0,0,0,0,0,0,0,0,0,0,0,0,0,0,0,0,0,0,0,0,0,0,0,0,0,0,0,0,0,0,0,0,0,0,0,0,0,0,0,0,0,0,0,0,0,0,0,1,0,0,1,0
"ERCC-00025",0,0,0,0,0,0,0,0,0,0,0,0,0,0,0,0,0,0,0,0,0,0,0,0,0,0,111,0,0,0,0,0,0,0,0,0,0,212,0,0,0,0,0,0,0,0,0,0,0,0,104,0,0,0,0,0,0,0,72,77,0,0,0,0,0,0,0,0,0,0,0,0,0,0,0,0,0,0,0,0,0,0,0,0,0,0,0,0,0,0,0,0,0,0,0,0
"ERCC-00028",0,1,0,0,0,0,0,0,0,0,0,0,0,0,0,0,1,0,0,0,0,0,0,0,0,0,0,0,0,0,0,0,0,0,0,0,0,1,0,0,0,0,0,0,0,0,0,0,0,0,1,0,0,0,0,0,0,0,0,0,0,0,0,1,0,0,0,0,0,0,0,0,0,0,0,16,0,0,0,0,0,0,0,0,0,0,0,0,0,0,0,0,0,0,1,0
"ERCC-00031",0,0,0,0,0,0,0,0,0,0,0,0,0,0,0,0,0,0,0,0,0,0,0,0,0,0,0,0,0,0,0,0,0,0,0,0,0,0,0,0,0,0,0,0,0,0,0,0,0,0,0,0,0,0,0,0,0,0,0,0,0,0,0,0,0,0,0,0,0,0,0,0,0,0,0,0,0,0,0,0,0,0,0,0,0,0,0,0,0,0,0,0,0,0,0,0
"ERCC-00033",0,0,0,0,0,0,0,1,0,0,0,0,0,178,0,0,0,0,0,0,0,0,0,0,0,0,0,0,0,0,0,0,0,0,0,0,0,0,0,0,0,0,0,0,0,0,0,0,0,0,0,0,0,0,0,0,0,0,0,0,0,0,0,0,0,0,0,0,0,257,0,0,0,0,0,0,0,0,0,0,0,0,0,0,0,0,0,0,0,0,0,0,0,0,0,0
"ERCC-00034",0,0,0,0,0,0,0,0,0,4,0,0,0,0,0,0,129,0,4,0,0,0,0,0,0,0,0,0,0,0,0,0,0,0,0,130,0,0,0,0,0,1,0,0,0,52,200,0,0,0,1,0,0,0,0,0,0,0,0,9,0,0,0,0,0,0,0,0,0,0,0,0,0,0,0,0,0,0,0,0,4,0,0,0,0,0,0,0,0,0,0,132,0,0,0,0
"ERCC-00035",11,0,0,0,0,0,1,0,0,0,0,0,0,0,0,0,0,229,0,0,0,0,0,0,0,0,0,81,1,311,0,77,0,0,0,0,0,0,0,1,0,0,0,0,22,0,0,0,0,0,0,0,0,191,0,0,0,0,0,84,0,0,188,0,0,1,0,0,0,0,240,0,2,278,83,0,108,219,1,0,0,0,215,0,0,0,0,68,0,0,0,33,0,0,255,0
"ERCC-00039",0,0,0,0,0,0,0,0,0,0,0,0,0,0,0,0,0,0,0,0,0,0,0,0,0,0,0,0,0,165,0,0,0,0,0,0,0,0,0,0,0,0,0,0,0,0,0,0,0,0,0,0,0,0,0,0,0,0,0,0,0,0,0,0,0,0,0,0,0,0,0,0,0,0,0,0,0,0,0,0,0,0,0,0,0,0,0,0,0,0,0,0,0,0,0,0
"ERCC-00040",0,0,0,0,0,0,0,0,0,0,0,0,0,0,0,0,0,0,0,0,0,0,0,0,0,0,0,0,0,0,0,0,0,0,0,0,0,0,0,0,0,1,0,0,0,0,0,0,0,0,0,0,0,0,0,0,0,0,0,0,0,0,0,0,0,0,0,0,0,0,0,0,0,0,0,0,0,0,0,0,0,0,0,0,0,0,0,0,0,0,0,0,0,0,0,0
"ERCC-00041",0,0,0,0,0,0,0,0,0,0,0,0,0,0,0,0,0,0,0,0,0,0,0,0,0,0,0,0,0,0,0,0,0,0,0,0,0,0,0,0,0,0,0,0,0,0,0,0,0,0,0,0,0,0,0,0,0,0,0,0,0,0,0,0,0,0,0,0,0,0,0,0,0,0,0,0,0,0,0,0,0,0,0,0,0,0,0,0,0,0,0,0,0,0,0,0
"ERCC-00042",0,416,164,77,0,1,43,1,2,2,218,308,18,211,664,142,226,292,133,107,82,732,212,193,210,345,96,103,322,162,423,423,321,159,0,315,228,334,199,0,263,190,255,91,0,0,2,157,0,391,3,17,417,1,662,0,0,0,0,3,283,171,119,202,283,280,342,208,138,153,0,178,387,160,247,33,123,305,1,244,518,46,0,0,21,511,211,127,1,0,106,102,129,166,214,112
"ERCC-00043",0,369,140,29,261,446,289,0,370,160,128,126,2,127,526,132,228,216,204,79,0,483,182,134,379,396,1,138,219,627,51,198,0,0,127,245,166,379,0,210,290,945,23,156,380,446,200,431,450,240,304,169,686,1,274,0,203,197,104,228,211,0,235,640,22,732,221,72,372,1186,542,281,61,808,139,107,110,20,857,31,263,885,114,0,1,241,0,508,325,423,53,172,228,982,214,394
"ERCC-00044",0,0,0,0,0,0,0,1,0,0,0,0,0,0,0,114,0,0,0,104,0,0,0,0,0,0,0,7,0,94,0,14,0,113,0,0,0,0,186,0,0,1,0,0,0,141,1,137,302,0,9,0,0,138,1,165,0,0,0,0,0,0,0,1,0,0,0,97,0,0,167,0,382,0,0,0,0,0,0,0,0,0,0,108,0,0,249,227,0,0,0,0,0,0,0,90
"ERCC-00046",18,2279,2182,2009,2252,3998,3589,5,3114,2625,2170,2165,1619,4202,2086,1273,4104,3067,1546,1206,1817,3274,2097,3320,4383,1710,2477,1432,856,3197,2176,2871,3255,2099,930,1471,2260,2384,2782,2027,2465,2339,939,1456,1089,3582,2068,1054,3628,3552,2209,1423,1816,3478,2953,1825,2851,2916,1628,1747,1819,3479,2633,2984,1228,3396,2062,2214,1683,1527,3869,2269,3357,2811,1046,1625,1286,1714,3525,2410,2510,1899,1460,1404,2378,2943,2718,2302,3228,2155,1838,1744,751,2719,4812,3586
"ERCC-00048",0,0,0,0,0,0,0,0,0,0,0,0,0,0,0,0,0,0,0,0,0,0,0,0,0,1,0,0,0,0,0,0,0,0,0,0,0,0,0,0,0,0,0,0,0,0,0,0,0,0,0,0,0,0,0,0,0,0,0,0,0,0,0,0,0,0,0,0,0,0,0,0,0,0,0,0,0,0,0,0,0,0,0,0,0,0,0,0,1,0,0,0,0,0,0,2
"ERCC-00051",0,0,0,0,0,0,33,0,21,0,0,0,0,131,0,0,0,0,0,0,0,0,0,0,81,0,0,0,15,0,0,0,76,0,0,0,0,41,0,26,1,44,0,0,0,0,0,0,0,0,0,2,1,0,0,0,0,0,9,0,6,0,31,0,0,30,0,0,0,0,0,0,14,0,0,0,0,0,0,1,0,0,0,11,0,11,0,0,0,25,0,27,0,0,1,1
"ERCC-00053",0,0,0,0,0,0,39,0,1,235,0,0,0,0,0,0,0,99,0,0,0,0,0,0,0,0,0,1,0,0,0,0,0,0,0,0,0,0,0,0,0,0,165,0,0,1,0,0,0,254,0,0,0,236,0,0,0,0,0,0,0,0,0,0,0,0,0,0,135,0,0,0,0,0,0,0,0,0,0,0,0,0,0,0,0,0,0,0,0,209,0,102,0,0,0,245
"ERCC-00054",0,0,0,0,0,3,0,0,0,0,1,0,0,0,0,0,4,0,0,0,0,0,5,1,0,26,0,15,0,1,0,1,0,1,0,0,0,43,0,0,0,0,0,1,0,0,0,0,1,0,0,0,1,0,0,0,0,0,0,0,0,0,0,0,0,1,0,0,0,0,1,0,0,0,0,0,0,0,0,0,0,1,0,0,0,0,1,0,2,0,0,0,1,23,0,0
"ERCC-00057",0,0,0,0,0,0,0,0,0,0,0,0,0,0,0,0,0,0,0,0,0,0,0,0,0,0,0,0,0,0,0,0,0,0,0,0,0,0,0,0,0,0,0,0,0,0,0,0,0,0,0,0,0,0,0,0,0,0,0,0,0,0,0,0,0,0,0,0,0,0,0,0,0,0,0,0,0,0,0,0,0,0,0,0,0,0,0,0,0,0,0,0,0,0,0,0
"ERCC-00058",0,0,0,0,0,0,0,0,0,0,0,0,0,0,0,0,0,0,0,0,0,0,0,0,0,0,0,0,0,0,0,0,0,0,0,0,0,0,0,0,0,0,0,0,0,0,0,0,0,0,0,0,0,0,0,0,0,0,0,0,0,0,0,0,0,0,0,0,0,0,0,0,0,0,0,0,0,0,0,0,0,0,0,0,0,0,0,0,0,0,0,0,0,0,0,0
"ERCC-00059",0,0,0,0,0,0,0,0,0,1,0,0,0,0,0,0,0,0,0,0,0,0,0,0,0,0,0,0,0,0,0,0,0,0,0,0,0,0,0,0,0,0,0,0,0,156,0,0,0,0,84,0,0,151,0,0,0,0,0,0,0,213,0,0,0,0,0,0,0,0,0,0,0,0,0,0,0,0,0,0,0,46,0,0,0,0,0,0,0,0,0,0,0,0,0,0
"ERCC-00060",6,433,2,4,271,126,186,0,438,17,319,272,203,13,424,98,577,16,2,166,136,264,4,525,441,570,74,108,295,346,138,747,114,1,94,67,76,1,315,611,171,278,120,69,124,139,337,123,152,109,194,130,46,976,390,250,75,118,210,56,109,623,87,100,48,91,305,117,38,112,283,791,421,104,209,105,6,350,441,80,396,1,91,24,134,320,19,411,582,129,110,51,86,2,129,231
"ERCC-00061",0,0,0,0,0,0,0,0,0,0,0,0,0,0,0,0,0,0,0,0,0,0,0,0,0,0,0,0,0,0,0,0,0,0,0,0,0,0,0,0,0,0,0,0,0,0,0,0,0,0,0,0,0,0,0,0,0,0,0,0,0,0,0,0,0,0,0,0,0,0,0,0,0,0,0,0,0,0,0,0,0,0,0,0,0,0,0,0,0,0,0,0,0,0,0,0
"ERCC-00062",0,0,23,0,0,0,0,1,0,0,0,0,0,0,0,0,1,236,0,0,0,0,0,0,3,2,0,95,0,0,0,0,0,0,0,0,116,115,0,152,0,3,0,22,0,1,0,8,1,241,1,0,158,0,0,0,0,0,0,0,88,0,0,0,305,0,0,0,0,0,67,0,0,0,1,24,156,0,0,0,35,0,0,0,0,0,0,0,606,208,0,0,1,154,0,0
"ERCC-00067",0,0,0,0,0,2,0,0,0,0,0,0,0,0,0,0,0,0,0,0,0,0,0,0,0,0,0,0,0,0,0,0,0,0,0,0,0,1,0,0,0,1,0,0,0,0,0,0,0,0,0,0,0,0,0,0,0,0,0,0,0,0,0,0,0,0,0,0,0,0,0,0,0,0,0,0,0,0,0,0,0,0,0,0,0,0,0,0,0,0,0,0,0,0,0,0
"ERCC-00069",0,0,0,0,0,0,0,0,0,0,0,0,0,0,0,0,0,0,0,0,0,0,0,0,0,0,0,0,0,0,0,0,0,0,0,0,0,0,0,0,0,0,0,0,0,0,0,0,0,0,0,0,0,144,0,0,0,0,0,0,0,0,0,0,0,0,0,0,0,0,0,0,0,0,0,0,0,0,0,0,0,0,0,0,0,0,0,0,0,0,0,0,0,0,0,0
"ERCC-00071",0,113,0,71,1,0,0,0,0,0,111,0,0,182,0,0,0,0,0,0,0,0,0,0,0,0,109,0,0,213,150,0,0,0,0,31,37,0,0,11,1,141,0,0,0,16,0,0,0,0,1,0,0,178,0,92,253,0,0,0,58,0,0,3,0,0,0,0,0,0,0,0,32,0,0,0,0,0,0,0,230,0,0,0,0,0,0,0,161,0,0,0,0,170,0,0
"ERCC-00073",0,0,0,0,0,0,0,0,0,0,0,0,0,0,0,0,0,0,0,0,0,0,0,0,0,0,0,0,0,0,0,0,0,0,0,0,0,0,0,0,0,0,0,0,0,0,0,0,0,0,0,0,0,0,0,0,0,0,0,0,0,0,0,0,0,0,0,0,0,0,0,0,0,0,0,0,0,0,0,0,0,0,0,0,0,0,0,0,0,0,0,0,0,0,0,0
"ERCC-00074",175,16518,11475,10653,11833,21504,21274,42,19635,14001,11037,12553,10471,22257,18964,14644,20686,18296,10081,9296,10517,23079,19911,17355,21678,17773,12872,8036,10113,21925,17398,13092,16986,12417,10586,10791,11112,21617,21279,16766,17511,15382,8550,9272,13647,18725,16596,10487,12955,17054,8110,8426,10783,16552,16315,12734,16332,17779,10095,9262,10671,18939,13958,18662,12068,20237,9783,11645,11430,13906,14056,17735,17034,16203,10240,9787,10107,18756,20730,15602,17913,17249,10572,9396,11713,20635,19982,17993,20609,19512,10704,10440,12255,16269,20504,18363
"ERCC-00075",0,0,0,0,0,0,0,0,0,0,0,0,0,0,0,0,0,0,0,0,0,0,0,0,0,0,0,0,0,0,0,0,0,0,0,0,0,0,0,0,0,0,0,0,0,0,0,0,0,0,0,0,0,0,0,0,0,0,0,0,0,0,0,0,0,0,0,0,0,0,0,0,0,0,0,0,0,0,0,0,0,0,0,0,0,0,0,0,0,0,0,0,0,0,0,0
"ERCC-00076",0,1,156,102,0,0,127,0,0,141,0,76,0,1,0,0,1,0,1,88,0,0,144,0,0,0,110,77,1,0,188,0,266,142,0,59,89,0,107,5,0,23,0,0,0,0,0,139,0,173,205,97,148,0,180,0,153,354,0,0,84,0,0,0,0,222,0,22,0,0,0,0,0,0,0,82,101,51,435,130,228,397,0,104,103,220,412,1,172,0,0,88,0,1,0,104
"ERCC-00077",0,0,0,0,0,0,0,0,0,0,0,0,0,0,0,0,11,0,0,0,0,0,0,0,0,0,0,0,0,0,0,0,0,0,0,0,0,0,0,0,0,0,0,0,0,0,0,0,0,0,0,0,0,0,0,0,0,0,0,0,0,0,0,0,0,0,0,0,0,0,0,0,0,0,0,0,0,0,0,0,0,0,0,0,0,0,0,0,0,0,0,0,0,0,0,0
"ERCC-00078",0,0,0,0,0,0,0,0,0,0,0,0,0,0,0,0,0,0,0,1,0,0,0,0,0,20,0,0,0,0,131,0,0,0,0,0,0,0,0,0,0,0,0,0,0,0,0,0,289,0,0,0,0,0,0,0,0,0,0,0,0,0,0,0,0,1,0,0,0,1,0,247,0,0,0,0,0,0,1,0,567,0,1,0,0,0,0,0,0,0,0,0,0,0,0,0
"ERCC-00079",0,103,0,0,14,2,89,0,0,0,0,16,0,0,0,0,162,0,1,0,0,0,0,0,0,0,0,0,0,0,90,0,0,0,0,0,0,0,0,166,1,2,0,0,69,0,0,0,0,0,0,0,86,0,0,89,0,118,0,0,0,0,0,0,2,1,0,47,0,0,0,0,0,70,8,0,0,1,0,0,0,122,0,0,69,0,151,0,244,0,0,59,0,1,160,1
"ERCC-00081",0,0,0,0,0,0,0,0,0,0,0,0,0,0,0,0,0,0,0,0,0,0,0,0,0,0,0,0,0,0,0,0,0,0,0,0,0,0,0,0,0,0,0,0,0,0,0,0,0,0,0,0,0,0,1,0,0,0,0,0,0,0,0,0,0,0,0,0,0,0,0,0,0,0,0,0,0,0,0,0,0,0,0,0,0,0,0,0,0,0,0,0,0,0,0,1
"ERCC-00083",0,0,0,0,0,0,0,0,0,0,0,0,0,0,0,0,0,0,0,0,0,0,0,0,0,0,0,0,0,0,0,0,0,0,0,0,0,0,0,0,0,0,0,0,0,0,0,0,0,0,0,0,0,0,0,0,0,0,0,0,0,0,0,0,0,0,0,0,0,0,0,0,0,0,0,0,0,0,0,0,0,0,0,0,0,0,0,0,0,0,0,0,0,0,0,0
"ERCC-00084",0,0,0,0,0,0,0,0,0,127,1,64,0,0,0,0,132,0,0,0,0,0,0,149,0,0,0,0,0,0,0,0,0,0,0,72,0,9,176,0,0,1,0,5,214,0,0,0,0,0,0,1,0,0,0,0,0,0,0,0,0,0,0,1,0,0,0,0,0,0,0,0,0,117,0,0,0,0,0,0,0,0,0,54,0,0,0,0,0,86,0,0,0,0,0,0
"ERCC-00085",0,0,1,0,0,0,1,0,0,1,0,0,1,0,1,1,3,5,0,5,0,1,0,3,0,0,1,0,0,0,10,9,1,3,0,0,0,0,0,0,0,89,0,0,0,0,3,6,0,1,9,2,3,0,0,1,0,1,2,0,2,0,3,0,0,0,0,0,1,1,1,0,0,1,1,1,0,0,0,0,1,0,0,1,0,0,0,0,0,1,1,0,0,1,4,1
"ERCC-00086",0,0,0,0,0,0,0,0,0,0,0,0,0,0,0,0,0,0,0,0,0,0,0,0,0,0,0,0,0,0,0,0,0,0,0,0,0,0,0,0,0,0,0,0,0,0,0,0,0,0,0,0,0,0,0,0,0,0,0,0,0,0,0,0,0,0,0,0,0,0,0,0,0,0,0,0,0,0,0,0,0,0,0,0,0,0,0,0,0,0,0,0,0,0,0,0
"ERCC-00092",0,0,0,0,441,0,3,0,1,150,152,0,111,0,0,0,0,238,0,0,419,4,0,308,308,0,151,0,13,186,272,194,0,0,144,0,1,368,1,333,21,179,0,97,0,242,0,0,7,208,104,0,125,0,2,0,404,5,47,0,0,313,339,0,194,469,0,0,118,239,198,241,379,0,140,225,0,1,746,0,0,255,0,106,261,1,170,0,1,0,146,109,54,1,150,544
"ERCC-00095",0,0,90,29,0,1,148,0,1,165,0,1,0,162,237,0,0,209,0,1,13,33,64,497,261,319,0,0,150,0,0,0,236,0,72,90,273,119,418,0,1,3,0,0,121,159,0,0,572,185,0,62,127,0,9,0,215,123,0,99,0,380,2,2,0,0,111,0,221,109,1,134,2,3,231,287,334,0,0,82,0,0,200,0,105,429,0,225,0,1,78,0,1,163,242,190
"ERCC-00096",163,11905,4851,5578,6327,8912,9413,27,11448,6423,6573,4424,6572,11827,10108,4625,12013,10505,4608,5636,5363,10036,8643,6095,8244,9146,6385,4778,4055,8686,6921,9326,9327,6464,6073,4758,7832,8559,9210,6608,8937,6323,3444,4140,4936,11650,8528,4271,8851,8662,3462,5678,4762,9511,8533,8544,7844,6309,4169,3866,3891,10551,6818,8092,5811,9239,5963,4936,5248,5564,10849,8363,10526,8018,6879,4430,4087,10350,10633,8244,11152,9144,4997,3733,6002,12008,7552,9741,8824,10253,6373,4522,5192,7851,8751,6595
"ERCC-00097",0,0,0,0,0,0,0,0,0,0,0,0,0,0,0,0,0,0,0,0,0,0,0,0,0,0,0,0,0,0,0,0,0,0,0,0,0,0,0,0,0,2,0,0,0,0,0,0,0,0,0,0,0,0,0,0,0,0,90,0,0,0,0,0,0,0,1,0,0,113,0,0,0,0,0,0,0,0,0,0,0,0,0,0,0,0,0,0,0,0,0,0,0,0,0,0
"ERCC-00098",0,0,0,0,0,0,1,0,0,0,1,0,0,0,0,0,0,0,0,0,0,0,0,0,1,0,0,0,0,0,1,0,0,1,0,0,0,0,0,0,0,0,0,0,0,1,0,0,6,0,1,0,0,1,0,0,0,0,1,0,0,0,0,0,0,0,0,0,0,0,0,0,0,0,0,0,0,0,0,0,0,0,0,0,0,0,0,0,0,0,0,0,0,0,6,2
"ERCC-00099",0,0,0,0,0,0,0,0,0,0,5,0,0,0,162,0,0,0,0,0,0,1,0,0,0,0,0,0,0,0,0,0,0,0,0,0,0,0,0,0,0,185,0,0,0,0,0,0,0,0,0,0,1,0,0,0,0,0,0,0,0,0,0,0,0,0,0,0,0,0,0,0,0,0,0,0,0,0,0,0,0,0,0,0,0,0,0,0,0,0,0,0,0,0,4,0
"ERCC-00104",0,0,0,0,0,0,0,0,0,0,0,0,0,0,1,0,0,0,0,0,0,0,0,0,0,0,0,0,0,0,0,0,0,0,0,0,0,0,0,0,0,0,0,0,0,0,0,0,0,0,0,0,0,0,0,0,0,0,0,0,0,0,0,0,0,0,0,0,0,0,0,0,0,0,0,0,0,0,0,0,0,0,0,0,0,0,0,0,0,0,0,0,0,0,0,0
"ERCC-00108",10,787,377,5,310,860,271,3,356,279,786,98,383,533,507,363,338,564,165,201,248,280,617,283,657,1103,233,453,260,671,251,1172,310,455,145,13,91,370,113,2,28,400,653,475,618,536,0,230,359,675,630,322,192,3,267,722,321,299,0,236,372,945,503,841,945,273,295,345,291,642,421,750,3,327,412,271,88,343,655,225,0,250,781,234,334,841,211,674,867,121,306,435,392,1,813,778
"ERCC-00109",0,0,0,0,0,0,0,0,0,0,0,0,0,0,0,0,0,0,0,0,0,0,0,0,0,0,0,0,0,0,0,0,0,0,0,0,0,0,0,0,0,0,0,0,0,0,0,0,0,0,0,0,0,0,0,0,0,0,0,0,0,0,0,0,0,0,0,0,0,0,0,0,0,0,0,0,0,0,0,0,0,0,0,0,0,0,0,0,0,0,0,0,0,0,0,0
"ERCC-00111",0,0,7,0,0,0,236,0,0,23,5,0,107,202,0,194,0,0,348,26,1,0,0,1,534,0,184,53,80,0,174,146,234,93,86,92,41,0,183,118,19,130,74,0,123,137,0,0,6,86,2,67,2,335,120,0,245,585,64,81,0,0,0,341,53,82,0,0,0,5,202,0,385,0,10,145,2,2,1,326,102,156,0,93,0,122,177,208,1,2,1,1,90,0,17,148
"ERCC-00112",0,58,177,133,124,200,223,0,134,152,0,0,99,424,0,0,0,1,0,0,0,0,0,0,0,239,1,0,2,0,0,0,366,0,0,0,0,0,166,0,121,0,0,0,89,0,6,0,216,1,0,62,0,236,206,0,0,0,0,0,0,0,1,0,1,336,0,18,130,0,1,250,2,0,0,0,0,0,0,0,0,0,14,0,2,0,0,0,1,0,0,159,0,0,0,0
"ERCC-00113",33,1758,702,612,1165,2371,1693,6,421,1623,577,763,949,2115,1969,1017,1683,1542,597,771,719,1939,1007,1606,2747,2078,1264,663,550,1332,2018,2532,1744,1209,746,1570,974,1028,1246,1691,1172,1578,878,991,897,1507,1730,890,998,1453,1622,280,1034,1893,1446,975,1657,1595,1130,953,421,1778,980,2245,470,2017,1206,519,1205,2177,1281,1642,1126,1146,407,898,685,2125,2362,1975,2538,1938,568,554,662,1615,1805,2286,1740,961,677,677,682,839,2021,1942
"ERCC-00116",1,0,0,149,0,0,0,0,1,15,0,0,0,89,0,0,0,86,0,0,0,273,0,0,0,0,0,0,0,0,0,0,0,0,0,125,0,0,0,321,0,111,0,0,5,0,0,0,0,0,14,0,0,0,0,0,0,0,0,0,0,0,0,0,0,0,0,300,0,0,0,0,0,0,180,93,0,0,0,1,0,0,85,0,0,0,0,0,0,0,0,0,0,0,155,0
"ERCC-00117",0,0,0,0,0,0,0,0,0,0,0,0,0,0,0,0,0,0,0,0,0,0,0,0,0,0,0,0,0,0,0,0,0,0,0,0,0,0,0,0,0,0,0,0,0,0,0,0,0,0,0,1,0,0,0,0,0,0,0,0,0,0,0,0,0,0,0,0,0,0,0,0,0,0,0,0,0,0,0,0,0,0,0,0,0,0,0,0,0,0,0,0,0,0,0,0
"ERCC-00120",0,0,0,0,0,0,0,0,0,0,0,0,0,0,0,0,0,0,0,0,0,0,0,0,0,0,0,0,0,0,0,0,0,0,0,0,0,0,0,0,0,2,0,0,0,0,0,0,0,0,0,0,0,0,0,0,0,0,0,0,0,0,0,0,0,0,0,0,0,0,0,0,0,0,0,0,0,0,0,0,0,0,0,0,0,0,0,0,0,0,0,0,0,0,1,0
"ERCC-00123",0,0,0,0,0,0,0,0,0,0,0,0,0,0,0,0,0,0,0,0,0,0,0,0,0,0,0,0,0,0,0,0,0,0,0,0,0,0,0,0,0,0,0,0,0,0,0,0,0,0,0,0,0,0,0,0,0,0,0,0,0,0,0,0,0,0,0,0,0,0,0,0,0,0,0,0,0,0,0,0,0,0,0,0,0,0,0,0,0,0,0,0,0,0,0,0
"ERCC-00126",0,0,0,0,0,0,0,0,0,0,0,0,0,0,0,0,0,251,0,0,0,0,89,0,0,0,0,0,0,0,0,0,0,0,0,0,0,0,0,0,0,0,0,0,0,0,0,130,24,0,0,0,0,0,0,0,0,0,0,0,0,0,0,0,0,0,0,0,0,0,0,0,0,0,0,0,0,0,0,0,0,0,0,0,0,0,0,0,0,0,0,0,0,0,0,0
"ERCC-00130",133,7860,4804,4861,5987,9532,9617,26,7328,6681,4463,4334,5637,11500,9113,5808,8857,10689,5266,4467,5186,8973,9577,7872,8300,8951,5275,4414,4918,9214,8429,7681,9636,6838,4103,6124,4508,8185,10007,7526,11163,7251,3281,4449,5402,5482,9661,6280,6898,8277,4286,5074,5493,9120,9267,7796,8084,9125,4237,4333,5367,9323,6097,6615,5860,7991,5927,4960,6076,6690,9924,6950,9986,7550,4503,5589,6003,8394,9995,8203,10072,8398,4438,3707,4724,7552,9065,5838,9339,8442,3874,4726,4591,8261,7553,6623
"ERCC-00131",0,0,1,74,0,0,187,0,549,0,68,87,0,0,0,0,0,0,65,34,70,0,3,0,0,24,115,0,0,0,136,1,0,119,0,80,1,5,0,0,224,2,0,0,0,186,148,1,0,1,83,0,45,0,0,0,205,0,0,1,0,0,0,0,203,5,0,62,0,0,0,119,0,289,112,70,0,0,0,0,0,10,0,0,64,129,0,120,0,162,0,0,87,145,2,3
"ERCC-00134",0,0,0,0,0,0,0,0,0,0,0,0,0,2,0,0,0,0,0,0,0,0,0,0,0,0,1,0,0,0,0,0,0,0,0,0,0,0,0,0,0,0,0,0,0,0,0,0,0,0,0,0,0,0,0,0,0,0,0,0,0,0,0,0,0,0,0,0,1,0,0,0,0,1,0,0,0,0,0,0,0,0,0,0,0,0,0,0,0,0,0,0,0,0,2,0
"ERCC-00136",9,1181,372,735,616,935,2083,1,939,1146,90,500,307,1078,1463,555,808,863,831,302,376,1161,750,1251,411,291,717,324,262,521,810,429,907,714,440,376,311,1131,694,1065,1919,500,101,523,353,627,1163,455,1080,1104,542,459,740,472,1367,852,749,1627,462,598,512,1052,499,1585,367,1951,812,402,608,1297,1660,514,895,626,382,536,758,774,997,559,740,813,417,891,718,1915,1561,589,1172,814,405,928,339,1170,984,446
"ERCC-00137",0,0,0,0,0,0,0,0,0,0,0,0,0,0,0,0,0,0,0,0,0,0,0,0,0,0,0,0,0,0,1,0,0,0,0,0,0,0,0,0,0,0,0,0,0,0,0,0,0,0,0,0,0,0,0,0,0,0,0,0,0,0,0,0,0,0,0,0,0,0,0,0,0,0,0,0,0,0,0,0,0,0,0,0,0,0,0,0,0,0,0,0,0,0,0,0
"ERCC-00138",0,0,0,0,0,0,0,0,0,0,0,0,0,0,0,0,0,0,0,0,0,0,0,0,0,0,0,0,0,0,0,0,0,0,0,0,0,0,0,0,0,1,0,0,0,0,0,0,0,0,0,0,0,0,0,0,0,0,0,0,0,0,0,0,0,0,0,0,0,0,0,0,0,0,0,0,0,0,1,0,0,0,0,0,0,0,0,0,0,0,0,0,0,0,1,0
"ERCC-00142",0,0,0,0,0,0,0,0,0,0,0,0,0,0,0,0,0,0,0,0,0,0,0,0,0,0,0,0,0,0,0,0,0,0,0,0,0,0,0,0,0,0,0,0,0,0,0,0,0,0,0,0,0,0,0,0,0,0,0,0,0,0,0,0,0,0,0,0,0,0,0,0,0,0,0,0,0,0,0,0,0,0,0,0,0,0,0,0,0,0,0,0,0,0,0,0
"ERCC-00143",0,0,0,0,0,0,0,0,0,0,0,0,0,0,0,64,0,0,0,0,0,0,0,0,0,0,0,0,0,0,0,0,0,0,0,0,0,0,0,0,0,2,0,0,0,0,0,0,0,0,0,0,0,0,0,0,0,0,0,0,0,0,0,0,0,0,0,0,0,0,0,0,0,0,0,0,0,260,0,0,0,0,0,0,0,0,0,0,0,0,0,0,0,0,0,0
"ERCC-00144",0,0,106,1,0,0,0,0,0,0,0,28,4,0,0,0,0,0,0,0,0,0,0,0,1,0,0,0,0,0,159,0,0,0,194,0,0,0,0,118,0,3,0,0,0,0,184,2,2,0,0,0,0,0,0,22,0,0,0,0,0,0,0,0,0,0,0,0,119,0,0,0,0,0,0,0,0,0,0,0,0,0,0,0,0,0,137,82,0,0,1,0,99,0,1,2
"ERCC-00145",0,358,123,47,263,291,964,1,527,369,238,130,149,344,263,262,1,143,102,52,0,0,148,119,0,1,93,85,16,457,158,0,260,404,59,102,2,338,761,365,191,142,95,158,1,105,477,251,8,182,135,0,367,425,151,0,352,0,110,13,41,494,123,191,112,32,123,101,245,174,0,143,225,118,173,110,214,199,416,156,0,208,114,93,146,130,389,101,0,1,102,118,221,482,7,286
"ERCC-00147",0,0,0,0,0,0,0,0,0,0,0,0,0,0,0,0,0,0,0,0,0,0,0,0,1,0,0,0,0,0,0,0,0,0,0,0,0,0,0,0,0,0,0,0,0,0,0,0,0,0,0,0,0,0,0,0,0,0,0,0,0,0,0,0,0,0,0,0,0,0,0,0,0,0,0,0,0,0,0,0,0,0,0,0,0,0,0,0,0,0,0,0,0,0,0,0
"ERCC-00148",0,0,0,0,0,0,0,0,0,0,0,0,99,0,1,0,0,0,0,0,0,0,0,0,0,0,0,0,0,0,0,0,0,0,0,0,0,0,0,0,0,1,0,0,0,0,0,0,0,0,0,0,0,0,0,0,0,0,0,0,56,0,0,93,0,0,0,0,0,0,0,119,0,0,0,0,0,0,0,0,0,0,0,0,0,0,0,0,0,0,0,0,31,0,0,0
"ERCC-00150",0,0,0,0,0,0,0,0,0,0,0,0,0,0,0,0,0,0,0,0,0,0,0,117,0,0,0,0,0,0,0,0,0,0,0,0,0,0,0,0,0,0,0,0,0,0,0,0,0,0,0,0,0,0,0,0,0,0,0,0,0,0,0,0,0,0,0,0,0,0,0,0,0,0,0,0,0,0,142,0,0,0,0,0,0,0,0,0,0,0,0,0,0,0,0,0
"ERCC-00154",0,0,0,0,0,0,0,0,0,0,0,0,0,0,0,0,0,0,0,0,0,0,0,0,0,0,0,0,0,0,0,0,0,0,0,0,0,0,0,0,0,0,0,0,0,0,0,0,0,0,0,0,0,0,0,0,0,0,0,0,0,0,0,0,0,0,0,0,0,0,0,0,0,0,0,0,0,0,0,0,0,194,0,0,0,0,0,0,0,0,0,0,0,0,0,0
"ERCC-00156",0,0,0,0,0,0,0,0,0,0,0,0,0,0,0,0,0,0,0,0,0,0,0,0,0,0,0,0,0,0,0,0,0,0,0,0,0,0,0,0,0,0,0,0,0,0,0,0,0,0,0,0,0,0,0,0,0,0,0,0,0,0,0,0,0,0,0,0,0,0,0,0,0,0,0,0,0,0,0,0,0,0,0,0,0,0,0,0,0,0,0,0,0,0,0,0
"ERCC-00157",0,0,0,0,0,0,0,0,0,0,0,0,0,13,0,0,0,0,0,0,0,0,0,0,0,0,0,0,0,0,0,0,0,0,53,0,0,0,0,0,0,0,0,0,0,0,0,0,0,0,0,0,0,0,0,0,0,0,0,0,0,0,0,0,0,0,0,0,0,0,0,0,0,0,69,0,0,0,0,0,0,0,0,0,0,0,0,0,0,0,0,0,0,0,0,0
"ERCC-00158",0,0,0,0,0,0,0,0,0,0,0,0,0,0,0,0,0,0,0,0,0,0,0,0,0,0,0,0,0,0,0,0,0,0,0,0,0,0,0,0,0,0,0,0,0,0,0,0,0,0,0,0,0,0,0,0,0,0,0,0,0,0,0,0,0,0,0,0,0,0,0,0,0,0,0,0,0,0,0,0,0,0,4,0,0,0,0,0,0,0,0,0,0,0,0,0
"ERCC-00160",0,0,0,0,0,0,0,0,0,0,1,0,0,0,0,0,0,0,0,0,0,0,0,0,0,0,0,0,0,0,0,0,0,0,0,0,0,0,0,0,0,1,0,0,0,0,0,49,0,0,0,0,0,0,1,0,0,0,0,0,0,0,0,0,0,0,0,0,0,0,0,0,0,0,0,0,0,0,0,0,0,0,0,0,0,0,0,0,0,162,0,0,0,210,0,0
"ERCC-00162",0,16,0,70,0,167,136,0,0,0,0,86,56,0,0,0,0,1,0,0,0,0,111,2,276,0,0,31,87,0,0,0,0,0,0,0,94,104,0,0,0,278,0,1,0,104,0,0,93,0,167,0,0,0,179,0,0,0,77,0,87,0,0,0,0,125,5,0,1,0,0,0,418,0,0,0,0,0,180,141,0,0,0,0,0,0,0,0,0,178,0,0,0,1,0,97
"ERCC-00163",0,0,0,0,0,1,0,0,0,0,0,0,0,0,130,0,0,0,83,55,0,0,0,0,0,0,0,0,0,0,0,0,0,0,0,0,0,0,0,0,0,0,0,0,0,0,0,0,0,0,0,0,0,0,0,0,0,0,0,0,0,0,0,0,0,0,0,0,0,0,0,0,0,0,0,0,0,0,0,0,0,0,0,40,0,102,0,0,1,0,0,0,0,0,0,0
"ERCC-00164",0,0,0,0,0,0,0,0,0,0,0,0,0,0,0,0,0,0,0,0,0,0,0,0,0,0,0,0,0,0,0,0,0,0,0,0,0,0,0,0,0,0,0,0,0,0,0,0,0,0,0,0,0,0,0,0,0,0,0,0,0,0,0,0,0,0,0,0,0,0,0,0,0,0,0,0,0,0,0,0,0,0,0,0,0,0,0,0,0,0,0,0,0,0,0,0
"ERCC-00165",0,0,0,0,5,0,0,0,0,0,0,0,0,162,0,0,0,0,0,80,0,0,0,0,0,0,100,0,4,0,0,0,3,0,0,0,0,215,0,135,0,1,0,0,0,169,0,0,0,0,0,3,0,0,0,0,0,197,0,61,0,0,0,0,0,0,0,0,78,0,0,0,0,0,0,0,0,0,0,0,0,0,17,0,0,0,0,0,25,0,0,90,0,223,0,0
"ERCC-00168",0,0,0,0,0,0,0,0,0,0,0,0,0,0,0,0,0,0,0,0,0,0,0,0,0,0,0,0,0,0,1,1,0,0,0,0,0,0,0,0,0,1,0,0,0,0,0,0,0,0,0,0,0,0,0,0,0,0,0,0,0,0,0,0,0,0,0,0,0,0,0,0,0,0,0,0,0,0,0,0,0,0,0,0,0,0,0,0,0,0,0,0,0,0,0,0
"ERCC-00170",0,0,0,0,0,0,0,0,0,0,0,0,0,0,0,0,0,0,0,0,0,0,0,0,0,0,0,0,0,0,0,0,0,0,0,0,0,0,0,0,0,0,0,0,0,0,53,0,0,0,0,0,128,0,0,0,0,44,0,0,109,0,0,0,144,0,0,0,0,0,0,0,0,0,0,0,0,0,0,0,0,0,0,0,139,0,0,0,0,0,0,0,0,0,0,0
"ERCC-00171",40,1367,1495,610,644,1729,2907,11,1314,1452,1235,1153,825,1863,1796,754,1699,1224,696,1159,930,678,1254,1859,3300,1801,1311,1071,655,1728,1986,2422,2011,907,1173,877,1458,2812,1567,1207,740,1685,1190,449,914,1630,816,667,976,1271,689,662,1018,1817,2402,1846,1320,2002,1524,801,1064,2057,1354,1447,2372,1545,744,852,1171,1268,1806,2209,1392,998,863,961,987,2370,1462,2246,2643,1361,1267,751,1177,2245,2270,2194,2010,2530,793,1197,879,1954,1553,2102
